id,disclaimer
dsc_001,Size sản phẩm thường dao động trong khoảng 38–44 tùy từng mẫu cụ thể.
dsc_002,Dải size có thể khác nhau theo từng thiết kế và phiên bản.
dsc_003,Một số mẫu có size giới hạn trong khoảng 38–44.
dsc_004,Size hiển thị mang tính tham khảo theo từng sản phẩm.
dsc_005,Không phải mẫu nào cũng có đầy đủ size.
dsc_006,Size khả dụng sẽ phụ thuộc từng phiên bản cụ thể.
dsc_007,Thông tin size có thể thay đổi theo từng đợt hàng.
dsc_008,Size cụ thể được hiển thị trong giỏ hàng.
dsc_009,Vui lòng kiểm tra size phù hợp theo từng mẫu.
dsc_010,Mỗi sản phẩm sẽ có dải size riêng.
dsc_011,Thông tin chi tiết được cập nhật trong giỏ hàng.
dsc_012,Các thông số cụ thể vui lòng xem trong trang sản phẩm.
dsc_013,Giỏ hàng hiển thị thông tin chính xác nhất tại thời điểm xem.
dsc_014,Mỗi mẫu sẽ có phần mô tả riêng trong giỏ hàng.
dsc_015,Thông tin trong video mang tính minh họa.
dsc_016,Chi tiết cụ thể được thể hiện ở phần thông tin sản phẩm.
dsc_017,Vui lòng tham khảo nội dung trong giỏ hàng để biết thêm chi tiết.
dsc_018,Các thông tin hiển thị có thể thay đổi theo thời điểm.
dsc_019,Thông số trong giỏ hàng áp dụng cho từng mẫu cụ thể.
dsc_020,Mỗi phiên bản có thông tin riêng trong trang sản phẩm.
dsc_021,Nội dung video chỉ mang tính chia sẻ trải nghiệm cá nhân.
dsc_022,Trải nghiệm trong video có thể khác nhau với từng người.
dsc_023,Video ghi lại cảm nhận trong quá trình sử dụng.
dsc_024,Nội dung không nhằm mục đích kêu gọi mua.
dsc_025,Đây là góc nhìn cá nhân trong điều kiện sử dụng thực tế.
dsc_026,Cảm nhận trong video mang tính tham khảo.
dsc_027,Thông tin trong video không thay thế thông tin trong giỏ hàng.
dsc_028,Chi tiết sản phẩm được hiển thị rõ trong phần mô tả.
dsc_029,Trải nghiệm thực tế có thể khác tùy điều kiện sử dụng.
dsc_030,Thông số kỹ thuật vui lòng xem trong phần thông tin sản phẩm.
dsc_031,Nội dung video không mang tính cam kết chất lượng.
dsc_032,Hình ảnh trong video mang tính minh họa.
dsc_033,Thông tin hiển thị dựa trên thời điểm ghi hình.
dsc_034,Mỗi sản phẩm có thể có cảm nhận khác nhau khi sử dụng.
dsc_035,Trải nghiệm trong video không đại diện cho tất cả người dùng.
dsc_036,Chi tiết cụ thể vui lòng tham khảo trang sản phẩm.
dsc_037,Thông tin trong video có thể thay đổi theo từng đợt cập nhật.
dsc_038,Hình ảnh mang tính mô phỏng trải nghiệm thực tế.
dsc_039,Thông số hiển thị có thể khác theo từng phiên bản.
dsc_040,Thông tin cuối cùng được xác nhận trong giỏ hàng.
dsc_041,Video không phải tài liệu kỹ thuật sản phẩm.
dsc_042,Thông tin trong video không thay thế hướng dẫn sử dụng.
dsc_043,Trải nghiệm được ghi lại trong điều kiện thông thường.
dsc_044,Nội dung không mang tính quảng cáo trực tiếp.
dsc_045,Thông tin chỉ mang tính tham khảo khi lựa chọn sản phẩm.
dsc_046,Hình ảnh có thể khác đôi chút so với thực tế.
dsc_047,Chi tiết màu sắc có thể thay đổi theo ánh sáng.
dsc_048,Thông tin trong video không phản ánh toàn bộ phiên bản.
dsc_049,Mỗi đợt sản phẩm có thể có thay đổi nhỏ.
dsc_050,Thông số chi tiết được cập nhật theo từng lô hàng.
dsc_051,Video ghi lại trải nghiệm cá nhân trong điều kiện thực tế.
dsc_052,Thông tin hiển thị không mang tính ràng buộc.
dsc_053,Nội dung video không đại diện cho cam kết nhà bán.
dsc_054,Trải nghiệm sử dụng phụ thuộc thói quen từng người.
dsc_055,Hình ảnh minh họa có thể khác cảm nhận thực tế.
dsc_056,Thông tin trong video không phải tư vấn mua hàng.
dsc_057,Nội dung không nhằm mục đích thúc đẩy giao dịch.
dsc_058,Thông tin chi tiết vui lòng xem trong phần mô tả sản phẩm.
dsc_059,Trải nghiệm trong video mang tính cá nhân.
dsc_060,Hình ảnh có thể khác tùy góc quay.
dsc_061,Thông số hiển thị mang tính tham khảo.
dsc_062,Video không phản ánh toàn bộ đặc tính sản phẩm.
dsc_063,Thông tin trong video không mang tính bảo đảm.
dsc_064,Nội dung không thay thế thông tin chính thức.
dsc_065,Chi tiết cuối cùng được xác nhận trong giỏ hàng.
dsc_066,Video mang tính chia sẻ cảm nhận cá nhân.
dsc_067,Hình ảnh có thể thay đổi theo thiết bị hiển thị.
dsc_068,Trải nghiệm có thể khác nhau theo điều kiện sử dụng.
dsc_069,Thông tin không mang tính so sánh sản phẩm.
dsc_070,Nội dung không đại diện cho kết quả sử dụng chung.
dsc_071,Video không mang tính tư vấn chuyên môn.
dsc_072,Trải nghiệm ghi nhận trong điều kiện cụ thể.
dsc_073,Hình ảnh mang tính minh họa.
dsc_074,Thông tin có thể thay đổi theo thời điểm xem.
dsc_075,Chi tiết cụ thể vui lòng kiểm tra trong giỏ hàng.
dsc_076,Nội dung không mang tính cam kết hiệu quả.
dsc_077,Video không phản ánh toàn bộ phiên bản sản phẩm.
dsc_078,Thông tin hiển thị mang tính tham khảo.
dsc_079,Trải nghiệm cá nhân không đại diện cho tất cả người dùng.
dsc_080,Hình ảnh có thể khác thực tế sử dụng.
dsc_081,Thông tin không mang tính ràng buộc pháp lý.
dsc_082,Nội dung không nhằm mục đích quảng cáo trực tiếp.
dsc_083,Video ghi lại cảm nhận trong quá trình sử dụng.
dsc_084,Thông tin chi tiết vui lòng tham khảo trang sản phẩm.
dsc_085,Hình ảnh minh họa không phản ánh toàn bộ thực tế.
dsc_086,Trải nghiệm sử dụng phụ thuộc từng cá nhân.
dsc_087,Thông tin trong video không thay thế thông tin chính thức.
dsc_088,Nội dung không nhằm mục đích kêu gọi mua.
dsc_089,Hình ảnh có thể khác theo ánh sáng môi trường.
dsc_090,Thông tin hiển thị mang tính tham khảo.
dsc_091,Video không mang tính cam kết chất lượng.
dsc_092,Trải nghiệm trong video mang tính cá nhân.
dsc_093,Thông tin không thay thế tư vấn mua hàng.
dsc_094,Hình ảnh minh họa có thể khác thực tế.
dsc_095,Nội dung không mang tính bảo đảm hiệu quả.
dsc_096,Trải nghiệm có thể khác nhau theo người sử dụng.
dsc_097,Thông tin chi tiết được cập nhật theo thời điểm.
dsc_098,Video không phản ánh toàn bộ tính năng sản phẩm.
dsc_099,Hình ảnh có thể khác theo góc quay.
dsc_100,Thông tin hiển thị mang tính tham khảo.
dsc_101,Nội dung video không mang tính quảng cáo trực tiếp.
dsc_102,Trải nghiệm ghi nhận trong điều kiện cụ thể.
dsc_103,Hình ảnh minh họa có thể khác thực tế.
dsc_104,Thông tin trong video không thay thế thông tin chính thức.
dsc_105,Nội dung không nhằm mục đích thúc đẩy mua hàng.
dsc_106,Trải nghiệm cá nhân không đại diện cho tất cả người dùng.
dsc_107,Hình ảnh có thể khác tùy điều kiện ánh sáng.
dsc_108,Thông tin hiển thị mang tính tham khảo.
dsc_109,Video không mang tính cam kết hiệu quả.
dsc_110,Trải nghiệm trong video mang tính cá nhân.
dsc_111,Thông tin không thay thế tư vấn mua hàng.
dsc_112,Hình ảnh minh họa có thể khác thực tế.
dsc_113,Nội dung không mang tính bảo đảm.
dsc_114,Trải nghiệm có thể khác nhau theo từng người.
dsc_115,Thông tin chi tiết vui lòng xem trong giỏ hàng.
dsc_116,Video không phản ánh toàn bộ đặc tính sản phẩm.
dsc_117,Hình ảnh có thể khác theo góc quay.
dsc_118,Thông tin hiển thị mang tính tham khảo.
dsc_119,Nội dung video không mang tính quảng cáo.
dsc_120,Trải nghiệm trong video mang tính cá nhân.
